Фирменный поезд Москва|44|35|2002
Гранд Экспресс|53|49|2020
Поезд Тульников|61|21|2009
Поезд Северный|56|55|2010
Поезд Тульников|62|41|2007
Фирменный поезд Москва|54|8|2015
Поезд Северный|40|6|2008
Поезд Тульников|46|12|2021
Поезд Балтийский|46|10|2002
Фирменный поезд Москва|61|45|2020
Гранд Экспресс|48|31|2013
Янтарь|40|9|2000
Поезд Тульников|59|12|2012
Аврора|49|41|1996
Сапсан|50|50|1996
Фирменный поезд Москва|58|15|1985
Поезд Северный|52|7|1983
Поезд Восточный|59|43|2005
Гранд Экспресс|49|26|2011
Поезд Балтийский|41|23|2013
